"ID","point5.8.dentigerous.arm.width.resids","point7.5.dentigerous.arm.base.resids","point1.2.lower.jaw.length.resids","point8.9.dentigerous.arm.depth.resids","point2.11.palatine.height.resids","point2.3.jaw.closing.inlever.resids","point15.16.cranial.height.resids","point14.15.orbit.diameter.resids","point2.18.suspensorium.length.resids","point9.10.ascending.proess.length.resids","point2.4.opening.inlever.resids","point12.19.nasal.tissue.protrusion.resids","point11.14.ectopterygoid.resids","point16.18.head.depth.resids","point12.13.maxillary.head.protrusion.resids","point6.11.maxilla.length.resids","point11.13.maxillary.head.height.resids","point17.18.pelvic.girdle.length.resids","population","species.x"
"CP38",0.138849707710436,0.115758879936491,0.151282094286814,0.0668802492700611,0.0947227790095009,0.000275761271431615,0.020113160940501,0.111964740989541,0.159406650923668,0.224458912306299,0.20513769049857,-0.123129899989513,0.0816302700518787,0.0377404559321395,0.265187480544365,0.137855731741086,0.292320826102434,-0.196199759360881,"CP","variegatus"
"CP31",0.186043361464014,0.163485486207475,0.207645674992876,0.245056126802679,0.150393346923688,0.138348820049934,0.156574652110173,0.169115415846303,0.146772860767802,0.226929574943909,0.372769446330384,-0.282275444452909,0.154296806722222,0.117833851606302,0.326566912081681,0.157327351127627,0.231424559947892,0.0496124670012416,"CP","variegatus"
"CP15",0.0304080401446095,0.0222250215997157,0.0350774819106716,0.102129775631411,0.0717379006684844,0.0343871960987604,0.163118157567738,-0.0228830403427335,-0.0374124055145982,-0.00335297178441797,0.174510144905477,-0.0054705684029932,-0.174226087549869,-0.00415420867302973,0.0763711529566834,0.129271429432363,0.53220810841607,0.113236975665753,"CP","variegatus"
"CP37",0.100622795829317,0.209277371949926,0.245865497632758,0.254819271111161,0.150594964998308,0.176412904987327,0.188107699213851,0.0602958331214697,-0.0159886827046651,-0.152072561367655,0.261661689421393,0.439540868680801,0.205975704406454,0.0934093144452777,0.235460731456665,0.146984973497361,0.346660947413,0.105219829696747,"CP","variegatus"
